<?xml version="1.0" encoding="UTF-8"?>
<!DOCTYPE hibernate-configuration PUBLIC
		"-//Hibernate/Hibernate Configuration DTD 3.0//EN"
		"http://www.hibernate.org/dtd/hibernate-configuration-3.0.dtd">
<hibernate-configuration>
    <session-factory>
        <property name="hibernate.connection.driver_class">com.mysql.cj.jdbc.Driver</property>
        <property name="hibernate.connection.password">Pass@123</property>
        <property name="hibernate.connection.url">jdbc:mysql://localhost:3306/cms</property>
        <property name="hibernate.connection.username">root</property>
        <property name="hibernate.dialect">org.hibernate.dialect.MySQLDialect</property>
        <property name="show_sql">true</property>
        <mapping class="com.java.hib.Customer"/>
        <mapping class="com.java.hib.Vendor"/>
        <mapping class="com.java.hib.Orders"/>
        <mapping class="com.java.hib.OrderStatus"/>
        <mapping class="com.java.hib.Wallet"/>
        <mapping class="com.java.hib.WalSource"/>
        <mapping class="com.java.hib.Menu"/>
    </session-factory>
</hibernate-configuration>
